-- phpMyAdmin SQL Dump
-- version 4.6.5.2
-- https://www.phpmyadmin.net/
--
-- Host: 127.0.0.1
-- Generation Time: Aug 18, 2018 at 06:40 PM
-- Server version: 10.1.21-MariaDB
-- PHP Version: 7.1.1

SET SQL_MODE = "NO_AUTO_VALUE_ON_ZERO";
SET time_zone = "+00:00";


/*!40101 SET @OLD_CHARACTER_SET_CLIENT=@@CHARACTER_SET_CLIENT */;
/*!40101 SET @OLD_CHARACTER_SET_RESULTS=@@CHARACTER_SET_RESULTS */;
/*!40101 SET @OLD_COLLATION_CONNECTION=@@COLLATION_CONNECTION */;
/*!40101 SET NAMES utf8mb4 */;

--
-- Database: `ecom_db`
--

-- --------------------------------------------------------

--
-- Table structure for table `categories`
--

CREATE TABLE `categories` (
  `cat_id` int(11) NOT NULL,
  `cat_title` varchar(255) NOT NULL
) ENGINE=InnoDB DEFAULT CHARSET=latin1;

--
-- Dumping data for table `categories`
--

INSERT INTO `categories` (`cat_id`, `cat_title`) VALUES
(3, 'Dresses'),
(4, 'Shoes'),
(5, 'Notebook');

-- --------------------------------------------------------

--
-- Table structure for table `customers`
--

CREATE TABLE `customers` (
  `user_id` int(11) NOT NULL,
  `user_name` varchar(255) NOT NULL,
  `email` varchar(255) NOT NULL,
  `password` varchar(255) NOT NULL
) ENGINE=InnoDB DEFAULT CHARSET=latin1;

--
-- Dumping data for table `customers`
--

INSERT INTO `customers` (`user_id`, `user_name`, `email`, `password`) VALUES
(1, 'Purvi', 'purvi1@gmail.com', 'purvi'),
(2, 'Farheen', 'farhi@gmail.com', 'farhi');

-- --------------------------------------------------------

--
-- Table structure for table `oauth_access_tokens`
--

CREATE TABLE `oauth_access_tokens` (
  `access_token` varchar(40) NOT NULL,
  `client_id` varchar(80) NOT NULL,
  `user_id` varchar(80) DEFAULT NULL,
  `expires` timestamp NOT NULL DEFAULT CURRENT_TIMESTAMP ON UPDATE CURRENT_TIMESTAMP,
  `scope` varchar(4000) DEFAULT NULL
) ENGINE=MyISAM DEFAULT CHARSET=latin1;

--
-- Dumping data for table `oauth_access_tokens`
--

INSERT INTO `oauth_access_tokens` (`access_token`, `client_id`, `user_id`, `expires`, `scope`) VALUES
('db5ffc9d5bff5d409e0e77709e5e508cededc8e2', '1234', NULL, '2018-03-24 19:38:58', NULL),
('43a7a244242c0434003cf4aa9eebf12d6310af32', '1234', NULL, '2018-03-24 19:41:37', NULL),
('07024682eba4bf2d0e508bfce91705223f96b4f5', '20773', NULL, '2018-03-24 21:15:57', NULL),
('1cfc051500cf6f9d445e4f47f55f3105f1dd8d18', '1234', NULL, '2018-07-08 03:57:03', NULL),
('278c2b3c543779427a05fb109703333b6203c1a8', '20773', NULL, '2018-07-08 03:58:44', NULL),
('93c2fe89f0b353310df5c03eae99d8a1a4cfb5b2', '20773', NULL, '2018-07-09 09:47:22', NULL),
('b3a403108a43b4c1c3ab303192847796e5b45638', '20773', NULL, '2018-07-09 09:47:34', NULL),
('8778c0eb2449cacefc02c47d815aadd5f90bd7d1', '1234', NULL, '2018-07-10 06:26:59', NULL),
('791938aaf9c3d00bba97882b4df1834c65222dcc', '1234', NULL, '2018-07-10 08:10:18', NULL),
('e4aa96f8aec7ec73e583ecb02edc3c8a7c930f70', '1234', NULL, '2018-07-10 08:24:01', NULL),
('3b27e7d2c3dcf791b839949660ade6e6c393244b', '20773', NULL, '2018-07-10 08:24:51', NULL),
('1e5dd6cc9d90f6e044390cbdf3424cef3ead420b', '1234', NULL, '2018-07-10 08:28:56', NULL);

-- --------------------------------------------------------

--
-- Table structure for table `oauth_authorization_codes`
--

CREATE TABLE `oauth_authorization_codes` (
  `authorization_code` varchar(40) NOT NULL,
  `client_id` varchar(80) NOT NULL,
  `user_id` varchar(80) DEFAULT NULL,
  `redirect_uri` varchar(2000) DEFAULT NULL,
  `expires` timestamp NOT NULL DEFAULT CURRENT_TIMESTAMP ON UPDATE CURRENT_TIMESTAMP,
  `scope` varchar(4000) DEFAULT NULL,
  `id_token` varchar(1000) DEFAULT NULL
) ENGINE=MyISAM DEFAULT CHARSET=latin1;

-- --------------------------------------------------------

--
-- Table structure for table `oauth_clients`
--

CREATE TABLE `oauth_clients` (
  `client_id` varchar(80) NOT NULL,
  `client_secret` varchar(80) DEFAULT NULL,
  `redirect_uri` varchar(2000) DEFAULT NULL,
  `grant_types` varchar(80) DEFAULT NULL,
  `scope` varchar(4000) DEFAULT NULL,
  `user_id` varchar(80) DEFAULT NULL
) ENGINE=MyISAM DEFAULT CHARSET=latin1;

--
-- Dumping data for table `oauth_clients`
--

INSERT INTO `oauth_clients` (`client_id`, `client_secret`, `redirect_uri`, `grant_types`, `scope`, `user_id`) VALUES
('1234', 'password', 'http://localhost/', NULL, NULL, NULL),
('20773', 'kamal1234', 'http://localhost/', NULL, NULL, NULL);

-- --------------------------------------------------------

--
-- Table structure for table `oauth_jwt`
--

CREATE TABLE `oauth_jwt` (
  `client_id` varchar(80) NOT NULL,
  `subject` varchar(80) DEFAULT NULL,
  `public_key` varchar(2000) NOT NULL
) ENGINE=MyISAM DEFAULT CHARSET=latin1;

-- --------------------------------------------------------

--
-- Table structure for table `oauth_refresh_tokens`
--

CREATE TABLE `oauth_refresh_tokens` (
  `refresh_token` varchar(40) NOT NULL,
  `client_id` varchar(80) NOT NULL,
  `user_id` varchar(80) DEFAULT NULL,
  `expires` timestamp NOT NULL DEFAULT CURRENT_TIMESTAMP ON UPDATE CURRENT_TIMESTAMP,
  `scope` varchar(4000) DEFAULT NULL
) ENGINE=MyISAM DEFAULT CHARSET=latin1;

-- --------------------------------------------------------

--
-- Table structure for table `oauth_scopes`
--

CREATE TABLE `oauth_scopes` (
  `scope` varchar(80) NOT NULL,
  `is_default` tinyint(1) DEFAULT NULL
) ENGINE=MyISAM DEFAULT CHARSET=latin1;

-- --------------------------------------------------------

--
-- Table structure for table `oauth_users`
--

CREATE TABLE `oauth_users` (
  `username` varchar(80) NOT NULL DEFAULT '',
  `password` varchar(80) DEFAULT NULL,
  `first_name` varchar(80) DEFAULT NULL,
  `last_name` varchar(80) DEFAULT NULL,
  `email` varchar(80) DEFAULT NULL,
  `email_verified` tinyint(1) DEFAULT NULL,
  `scope` varchar(4000) DEFAULT NULL
) ENGINE=MyISAM DEFAULT CHARSET=latin1;

-- --------------------------------------------------------

--
-- Table structure for table `orders`
--

CREATE TABLE `orders` (
  `ORDERID` varchar(255) NOT NULL,
  `TXNAMOUNT` int(11) NOT NULL,
  `CURRENCY` varchar(255) NOT NULL,
  `STATUS` varchar(255) NOT NULL,
  `TXN_DATE` text NOT NULL,
  `ORDER_PRIMARY` int(11) NOT NULL
) ENGINE=InnoDB DEFAULT CHARSET=latin1;

--
-- Dumping data for table `orders`
--

INSERT INTO `orders` (`ORDERID`, `TXNAMOUNT`, `CURRENCY`, `STATUS`, `TXN_DATE`, `ORDER_PRIMARY`) VALUES
('ORDS73356279', 20, 'INR', 'TXN_SUCCESS', '2018-07-07 15:59:52.0', 1),
('ORDS13834327', 20, 'INR', 'TXN_SUCCESS', '2018-07-07 17:49:41.0', 2),
('ORDS89692851', 200, 'INR', 'TXN_SUCCESS', '2018-07-07 19:16:54.0', 3),
('ORDS59227321', 600, 'INR', 'TXN_SUCCESS', '2018-08-03 21:53:17.0', 4),
('ORDS29906662', 300, 'INR', 'TXN_SUCCESS', '2018-08-06 13:58:25.0', 5),
('ORDS12051052', 1000, 'INR', 'TXN_SUCCESS', '2018-08-18 22:07:47.0', 6);

-- --------------------------------------------------------

--
-- Table structure for table `products`
--

CREATE TABLE `products` (
  `product_id` int(11) NOT NULL,
  `product_title` varchar(255) NOT NULL,
  `product_category_id` int(11) NOT NULL,
  `product_prize` float NOT NULL,
  `product_quantity` int(11) NOT NULL,
  `product_image` varchar(255) NOT NULL,
  `product_description` text NOT NULL,
  `short_desc` text NOT NULL
) ENGINE=InnoDB DEFAULT CHARSET=latin1;

--
-- Dumping data for table `products`
--

INSERT INTO `products` (`product_id`, `product_title`, `product_category_id`, `product_prize`, `product_quantity`, `product_image`, `product_description`, `short_desc`) VALUES
(52, 'Dress 1', 3, 1000, 20, '61wS4SMz6aL._UL1500_.jpg', 'Black', 'Black'),
(53, 'Dress 2', 3, 1500, 50, 'images.jpg', 'Green days', 'Green'),
(54, 'Navneet Book', 5, 100, 500, '81BkLPyJ3XL._SX425_.jpg', 'Book', 'Book'),
(55, 'Shoes 1', 3, 1000, 20, '1.0x0.jpg', 'canvas', 'sports'),
(56, 'Classmate', 4, 100, 20, 'classmate-spiral-notebook-500x500.jpeg', 'Book', 'Book'),
(57, 'Shoes', 4, 1000, 200, 'TC2._CB495096701_.jpg', 'shoes', 'shoes'),
(62, 'Book', 0, 200, 100, 'sundaram-note-pad.jpg', 'Book', 'Sundaram');

-- --------------------------------------------------------

--
-- Table structure for table `slides`
--

CREATE TABLE `slides` (
  `slide_id` int(11) NOT NULL,
  `slide_title` varchar(255) NOT NULL,
  `slide_image` text NOT NULL
) ENGINE=InnoDB DEFAULT CHARSET=latin1;

--
-- Dumping data for table `slides`
--

INSERT INTO `slides` (`slide_id`, `slide_title`, `slide_image`) VALUES
(27, 'Stationary', 'kırtasiye1.jpg'),
(28, 'Dress', 'images (2).jpg'),
(30, 'shoes', '20180311_k_dczm_76752_visnav_shoes_v1_2.jpg');

-- --------------------------------------------------------

--
-- Table structure for table `users`
--

CREATE TABLE `users` (
  `user_id` int(11) NOT NULL,
  `user_name` varchar(255) NOT NULL,
  `email` varchar(255) NOT NULL,
  `password` varchar(255) NOT NULL,
  `user_image` varchar(255) NOT NULL
) ENGINE=InnoDB DEFAULT CHARSET=latin1;

--
-- Dumping data for table `users`
--

INSERT INTO `users` (`user_id`, `user_name`, `email`, `password`, `user_image`) VALUES
(1, 'Kittu', 'kittu97punmia@gmail.com', 'kittu', ''),
(3, 'admin', 'support@admin.com', 'admin', 'IMG_9947.JPG');

--
-- Indexes for dumped tables
--

--
-- Indexes for table `categories`
--
ALTER TABLE `categories`
  ADD PRIMARY KEY (`cat_id`);

--
-- Indexes for table `customers`
--
ALTER TABLE `customers`
  ADD PRIMARY KEY (`user_id`);

--
-- Indexes for table `oauth_access_tokens`
--
ALTER TABLE `oauth_access_tokens`
  ADD PRIMARY KEY (`access_token`);

--
-- Indexes for table `oauth_authorization_codes`
--
ALTER TABLE `oauth_authorization_codes`
  ADD PRIMARY KEY (`authorization_code`);

--
-- Indexes for table `oauth_clients`
--
ALTER TABLE `oauth_clients`
  ADD PRIMARY KEY (`client_id`);

--
-- Indexes for table `oauth_refresh_tokens`
--
ALTER TABLE `oauth_refresh_tokens`
  ADD PRIMARY KEY (`refresh_token`);

--
-- Indexes for table `oauth_scopes`
--
ALTER TABLE `oauth_scopes`
  ADD PRIMARY KEY (`scope`);

--
-- Indexes for table `oauth_users`
--
ALTER TABLE `oauth_users`
  ADD PRIMARY KEY (`username`);

--
-- Indexes for table `orders`
--
ALTER TABLE `orders`
  ADD PRIMARY KEY (`ORDER_PRIMARY`);

--
-- Indexes for table `products`
--
ALTER TABLE `products`
  ADD PRIMARY KEY (`product_id`);

--
-- Indexes for table `slides`
--
ALTER TABLE `slides`
  ADD PRIMARY KEY (`slide_id`);

--
-- Indexes for table `users`
--
ALTER TABLE `users`
  ADD PRIMARY KEY (`user_id`);

--
-- AUTO_INCREMENT for dumped tables
--

--
-- AUTO_INCREMENT for table `categories`
--
ALTER TABLE `categories`
  MODIFY `cat_id` int(11) NOT NULL AUTO_INCREMENT, AUTO_INCREMENT=6;
--
-- AUTO_INCREMENT for table `customers`
--
ALTER TABLE `customers`
  MODIFY `user_id` int(11) NOT NULL AUTO_INCREMENT, AUTO_INCREMENT=3;
--
-- AUTO_INCREMENT for table `orders`
--
ALTER TABLE `orders`
  MODIFY `ORDER_PRIMARY` int(11) NOT NULL AUTO_INCREMENT, AUTO_INCREMENT=7;
--
-- AUTO_INCREMENT for table `products`
--
ALTER TABLE `products`
  MODIFY `product_id` int(11) NOT NULL AUTO_INCREMENT, AUTO_INCREMENT=63;
--
-- AUTO_INCREMENT for table `slides`
--
ALTER TABLE `slides`
  MODIFY `slide_id` int(11) NOT NULL AUTO_INCREMENT, AUTO_INCREMENT=31;
--
-- AUTO_INCREMENT for table `users`
--
ALTER TABLE `users`
  MODIFY `user_id` int(11) NOT NULL AUTO_INCREMENT, AUTO_INCREMENT=6;
/*!40101 SET CHARACTER_SET_CLIENT=@OLD_CHARACTER_SET_CLIENT */;
/*!40101 SET CHARACTER_SET_RESULTS=@OLD_CHARACTER_SET_RESULTS */;
/*!40101 SET COLLATION_CONNECTION=@OLD_COLLATION_CONNECTION */;
